ID,Date,Type,Amount,Category,Description
1,2026-05-12,income,1200.0,Salary,test 1
2,2026-06-12,income,1200.0,Salary,no
3,2026-07-01,expense,123.5,Miete,no
4,2026-08-23,income,125.6,Salary,no
5,2026-08-23,expense,120.0,Miete,no
6,2026-08-11,expense,20.0,Foods,
7,2026-08-01,expense,2.5,Bus,no
8,2026-07-16,income,124.0,tip,no
9,2026-07-16,income,1350.0,salary,no
10,2026-09-30,income,134.0,trinkgeld,
13,2026-09-30,expense,1250.0,miete,test 2
14,2026-09-15,income,12.0,bf,test
15,2026-09-21,expense,21.0,test app,tst
14,2026-09-15,expense,2.0,tip,
15,2026-09-17,expense,34.0,clothes,
16,2026-09-17,expense,34.0,clothes,
17,2026-07-22,expense,1345.0,loan,
